read,flagged,attachment,date,hour,size,sender,title,text
False,False,True,01/12/2020,10:29,1 MB,skspsikolojikdanismanlik,FarkÄ±ndalÄ±k Seminerleri III-Depresyon,"DeÄŸerli Ä°YTE'liler, GeÃ§tiÄŸimiz haftalarda ilk ikisini gerÃ§ekleÅŸtirdiÄŸimiz FarkÄ±ndalÄ±k Seminerleri dizimizin Ã¼Ã§Ã¼ncÃ¼sÃ¼ Uzman Psikolojik DanÄ±ÅŸman Derya ..."
False,False,False,01/12/2020,01:34,10 KB,kariyer,Freshbak MÃ¼lakat EtkinliÄŸi hk. [GÄ±da MÃ¼hendisliÄŸi 4. sÄ±nÄ±f Ã¶ÄŸrencilerinin dikkatine.] [HatÄ±rlatma],"DeÄŸerli Ä°YTE'liler, Ä°YTE KARDES olarak dÃ¼zenlenen kariyer etkinlikleri kapsamÄ±nda BakioÄŸlu Holding ÅŸirketler grubundan Freshbak FirmasÄ± ile ""Freshbak ..."
False,False,True,27/11/2020,21:22,2 MB,Ä°YTE Ä°novasyon TopluluÄŸu,Ä°YTE Ä°novasyon TopluluÄŸu TanÄ±ÅŸma ToplantÄ±sÄ± Hk.,"Merhabalar, Â Â Â  Ä°YTE Ä°novasyon TopluluÄŸu olarak tanÄ±ÅŸma toplantÄ±mÄ±zÄ± online olarak gerÃ§ekleÅŸtireceÄŸiz. Microsoft Teams uygulamasÄ± Ã¼zerinden yarÄ±n, 28 ..."
False,False,False,27/11/2020,16:33,31 KB,Ä°YTE Mezunlar Ofisi,Ä°YTE MezunlarÄ± Deneyimlerini AktarÄ±yor-3 SÃ¶yleÅŸisi (HatÄ±rlatma),"Sevgili Ã–ÄŸrenciler, Ä°YTE Mezunlar Ofisi olarak Ä°YTE MezunlarÄ± ve Ä°YTE Ã¶ÄŸrencileri arasÄ±nda etkileÅŸimi gÃ¼Ã§lendirmek ve mezunlarÄ±mÄ±zÄ±n kariyer ..."
False,False,False,27/11/2020,13:14,45 KB,Ä°YTE KÃ¼tÃ¼phane / IZTECH Library,TÃ¼rk EdebiyatÄ± ve DÃ¼nya EdebiyatÄ± - SayÄ±sal Kitap Abonelik / Turkish Literature and World Literature - Subscription to Sayisal Kitap,"DeÄŸerli Ä°YTE'liler, TÃ¼rkÃ§e dijital kÃ¼tÃ¼phane veri tabanÄ± olan SayÄ±sal Kitap 'ta yer alan TÃ¼rk EdebiyatÄ± ve DÃ¼nya EdebiyatÄ±'ndan 1.139 elektronik ..."
False,False,False,27/11/2020,11:49,18 KB,ALÄ° VEREP,Teknofest Robotaksi Niyet Ã‡aÄŸrÄ±sÄ±,"DeÄŸerli Ä° YTE Ailesi, 3 senedir dÃ¼zenlenen ve bu sene de Ä°stanbul'da dÃ¼zenlenecek olan Teknofest Fuar Ä± â€™nÄ±n Robotaksi kategorisi iÃ§in ekip ..."
False,False,True,26/11/2020,17:33,38 KB,RektÃ¶rlÃ¼k,DÃ¼nya BankasÄ±'ndan Ä°YTE'ye Fon DesteÄŸi,"DeÄŸerli Ä°YTEâ€™liler, DÃ¼nya BankasÄ± tarafÄ±ndan fonlanan, Enerji ve Tabii Kaynaklar BakanlÄ±ÄŸÄ± desteÄŸi ile Ã‡evre Åehircilik BakanlÄ±ÄŸÄ± tarafÄ±ndan ..."
False,False,True,26/11/2020,15:44,12 MB,sks,Ä°YTE Logolu ÃœrÃ¼n KataloÄŸu,"DeÄŸerli Ä°YTE'liler, Daire BaÅŸkanlÄ±ÄŸÄ±mÄ±z TaÅŸÄ±nÄ±r KayÄ±t ve Kontrol Birimi tarafÄ±ndan satÄ±ÅŸÄ± yapÄ±lmakta olan Ä°YTE Logolu ÃœrÃ¼nler ile ilgili katalog ekte ..."
False,False,True,25/11/2020,19:45,82 KB,Bilgisayar MÃ¼hendisliÄŸi BÃ¶lÃ¼m SekreterliÄŸi,Fwd: staj ilanÄ± hk.,"BÃ¶lÃ¼m Ã¶ÄŸrencilerimize duyurulur! Bilgilerinize Ä°yi Ã§alÄ±ÅŸmalar, BÃ¶lÃ¼m SekreterliÄŸi Ä°zmir YÃ¼ksek Teknoloji EnstitÃ¼sÃ¼ Bilgisayar MÃ¼hendisliÄŸi BÃ¶lÃ¼mÃ¼ ..."
False,False,False,25/11/2020,16:19,21 KB,kariyer,FRESHBAK Kariyer EtkinliÄŸi hk. [GÄ±da MÃ¼hendisliÄŸi 2. ve 3. sÄ±nÄ±f Ã¶ÄŸrencilerinin dikkatine] [Tarih Revize],"DeÄŸerli Ä°YTE'liler, Ä°YTE KARDES olarak dÃ¼zenlenen kariyer etkinlikleri kapsamÄ±nda BakioÄŸlu Holding ÅŸirketler grubundan Freshbak FirmasÄ± ile ""Freshbak ..."
False,False,True,25/11/2020,15:59,293 KB,IYTESEM Sanayi 4.0 ProgramlarÄ±,"Fwd: HATIRLATMA:SANAYÄ°4.0 PROJE YÃ–NETÄ°MÄ° SERTÄ°FÄ°KA PROGRAMI,30 KASIM 2020(CanlÄ±/E-eÄŸitim)",Programa kayÄ±t yapan ilk 5 Ä°YTE Ã¶ÄŸrencisine ve mezunlarÄ±na eÄŸitim Ã¼cretinin %50'si oranÄ±nda indirim uygulanacaktÄ±r. AyrÄ±ntÄ±lÄ± Bilgi: [ ...
False,False,True,25/11/2020,14:14,659 KB,Ä°YTE Mezunlar Ofisi,Ä°YTE MezunlarÄ± Deneyimlerini AktarÄ±yor-3 SÃ¶yleÅŸisi,"Sevgili Ã–ÄŸrenciler, Ä°YTE Mezunlar Ofisi olarak Ä°YTE MezunlarÄ± ve Ä°YTE Ã¶ÄŸrencileri arasÄ±nda etkileÅŸimi gÃ¼Ã§lendirmek ve mezunlarÄ±mÄ±zÄ±n kariyer ..."
False,False,False,25/11/2020,12:46,10 KB,genelsekreterlik,Akademik Personel ve LisansÃ¼stÃ¼ EÄŸitimi GiriÅŸ SÄ±navÄ± (2020-ALES/2),"DeÄŸerli Ä°YTEâ€™liler, 6 AralÄ±k 2020 Saat:10.15 da gerÃ§ekleÅŸtirilecek olan Akademik Personel ve LisansÃ¼stÃ¼ EÄŸitimi GiriÅŸ SÄ±navÄ± (2020-ALES/2) ' na ..."
False,False,False,25/11/2020,11:17,4 KB,kariyer,Yetenek KapÄ±sÄ± Ãœyelik Sistemi hk.,"DeÄŸerli Ä°YTE'liler, Ulusal Ã¶lÃ§ekli ilan ve kariyer etkinliklerini takip etmek adÄ±na TÃ¼rkiye Cumhuriyeti CumhurbaÅŸkanlÄ±ÄŸÄ± Ä°nsan KaynaklarÄ± Ofisi ..."
False,False,True,25/11/2020,10:44,635 KB,skspsikolojikdanismanlik,HatÄ±rlatma-FarkÄ±ndalÄ±k Seminerleri II-Akademik Stres Nedir? NasÄ±l BaÅŸ Edilir?,"DeÄŸerli Ä°YTE'liler, GeÃ§tiÄŸimiz hafta ilkini gerÃ§ekleÅŸtirdiÄŸimiz FarkÄ±ndalÄ±k Seminerleri dizimizin ikincisi Uzman Psikolog Ã–zlem Ã–ZTEN tarafÄ±ndan, ..."
False,False,False,25/11/2020,09:58,9 KB,kariyer,Fwd: Freshbak MÃ¼lakat EtkinliÄŸi hk. [GÄ±da MÃ¼hendisliÄŸi 4. sÄ±nÄ±f Ã¶ÄŸrencilerinin dikkatine.],"DeÄŸerli Ä°YTE'liler, Ä°YTE KARDES olarak dÃ¼zenlenen kariyer etkinlikleri kapsamÄ±nda BakioÄŸlu Holding ÅŸirketler grubundan Freshbak FirmasÄ± ile ""Freshbak ..."
False,False,False,25/11/2020,09:56,9 KB,kariyer,Freshbak MÃ¼lakat EtkinliÄŸi hk. [GÄ±da MÃ¼hendisliÄŸi 4. sÄ±nÄ±f Ã¶ÄŸrencilerinin dikkatine.],"DeÄŸerli Ä°YTE'liler, Ä°YTE KARDES olarak dÃ¼zenlenen kariyer etkinlikleri kapsamÄ±nda BakioÄŸlu Holding ÅŸirketler grubundan Freshbak FirmasÄ± ile ""Freshbak ..."
False,False,False,25/11/2020,09:51,38 KB,kariyer,FRESHBAK Kariyer EtkinliÄŸi hk. [GÄ±da MÃ¼hendisliÄŸi 2. ve 3. sÄ±nÄ±f Ã¶ÄŸrencilerinin dikkatine],"DeÄŸerli Ä°YTE'liler, Ä°YTE KARDES olarak dÃ¼zenlenen kariyer etkinlikleri kapsamÄ±nda BakioÄŸlu Holding ÅŸirketler grubundan Freshbak FirmasÄ± ile ""Freshbak ..."
False,False,True,25/11/2020,09:40,243 KB,kariyer,Fwd: 16. GenÃ§ AKADEMÄ° Bilgilendirme,"DeÄŸerli Ä°YTE'liler, Ekte 16. GenÃ§ AKADEMÄ° program duyurusu yer almaktadÄ±r. BaÅŸarÄ±lÄ± ve saÄŸlÄ±klÄ± gÃ¼nler dileriz. GÃ¼rhan Ã–zsamancÄ± Ä°YTE KARDES ..."
False,False,True,25/11/2020,09:18,2 MB,kariyer,27 KasÄ±m Kariyer GÃ¼nÃ¼ Duyurusu  - Alman TÃ¼rk Ticaret ve Sanayi OdasÄ± [HatÄ±rlatma],"DeÄŸerli Ä°YTE'liler, Alman TÃ¼rk Ticaret ve Sanayi OdasÄ± tarafÄ±ndan organize edilen online kariyer gÃ¼nÃ¼ etkinliÄŸi afiÅŸi ekte yer almaktadÄ±r. BaÅŸarÄ±lÄ± ..."
False,False,False,24/11/2020,17:13,45 KB,astronomitoplulugu,Ãœye AlÄ±mÄ±,Herkese Merhaba! Ä°YTE Astronomi TopluluÄŸu olarak bu sene iÃ§in Ã¼ye alÄ±mÄ±nÄ± aÅŸaÄŸÄ±daki form ile yapacaÄŸÄ±z. Ekibimize dahil olmak ya da ...
False,False,True,24/11/2020,15:35,161 KB,Teknoparkizmir,BÄ°GG SÄ°NERJÄ° Ä°LE POTANSÄ°YELÄ°NÄ° KEÅFET!,"BÄ°GG SÄ°NERJÄ° Ä°LE POTANSÄ°YELÄ°NÄ° KEÅFET! DeÄŸerli GiriÅŸimci AdayÄ±, BÄ°GG SÄ°NERJÄ°, Dokuz EylÃ¼l Teknoloji GeliÅŸtirme A.Å. (DEPARK), Ä°zmir Ekonomi ..."
False,False,True,24/11/2020,15:25,729 KB,yapi,Ä°YAPONLINE SÃ¶yleÅŸi Duyurusu,"SaygÄ±deÄŸer Ä°YTE'liler, IÌ‡YTE YapÄ± ToplulugÌ†u bir basÌ§ka soÌˆylesÌ§i ile yine sizlerle beraber. Teknolojinin ilerlemesiyle birlikte insÌ§aat ..."
False,False,True,24/11/2020,09:47,362 KB,RektÃ¶rlÃ¼k,"RektÃ¶r Baran'Ä±n ""24 KasÄ±m Ã–ÄŸretmenler GÃ¼nÃ¼"" MesajÄ±",Ä°zmir YÃ¼ksek Teknoloji EnstitÃ¼sÃ¼ Ä°zmir Institute of Technology RektÃ¶rlÃ¼k Ã–zel Kalem President Office Tel : 0232 750 6001 - 6002 Phone : +9 0232 750 ...
False,False,True,23/11/2020,20:47,3 MB,Bilgisayar MÃ¼hendisliÄŸi BÃ¶lÃ¼m SekreterliÄŸi,Fwd: staj ilanÄ± hk.,"BÃ¶lÃ¼m Ã¶ÄŸrencilerimize duyurulur. Ä°yi Ã§alÄ±ÅŸmalar, BÃ¶lÃ¼m SekreterliÄŸi Ä°zmir YÃ¼ksek Teknoloji EnstitÃ¼sÃ¼ Bilgisayar MÃ¼hendisliÄŸi BÃ¶lÃ¼mÃ¼ 35430 Urla - ..."
False,False,False,23/11/2020,20:19,121 KB,erasmuskoordinator,Ä°nÅŸaat ve Ã‡evre MÃ¼hendisliÄŸi Ã–ÄŸrencilerimizin Dikkatine- Bialystok University of Technology,"Ä°NÅAAT VE Ã‡EVRE MÃœHENDÄ°SLÄ°ÄÄ° Ã–ÄRENCÄ°LERÄ°MÄ°ZÄ°N DÄ°KKATÄ°NE Sevgili Ã–ÄŸrencilerimiz, Polonya'da bulunan Bialystok Teknoloji Ãœniversitesi, Ã¶ÄŸrenciler iÃ§in ..."
False,False,False,23/11/2020,17:47,10 KB,kariyer,AKG Termodinamik Online MÃ¼lakat SimÃ¼lasyonu hk. [Makina MÃ¼hendisliÄŸi 4. SÄ±nÄ±f Ã¶ÄŸrencilerinin dikkatine],"DeÄŸerli Ä°YTE'liler, Ä°YTE KARDES olarak kariyer planlama faaliyetleri kapsamÄ±nda AKG-Termodinamik tarafÄ±ndan ""AKG Termodinamik Online MÃ¼lakat"" ..."
False,False,True,23/11/2020,16:41,3 MB,kariyer,"Staj Ä°lanÄ± Hk. [Makina, Bilgisayar, Elektronik ve HaberleÅŸme ile Ã‡evre MÃ¼hendisliÄŸi 3. ve 4. sÄ±nÄ±f Ã¶ÄŸrencilerinin dikkatine]","DeÄŸerli Ä°YTE'liler, Ekteki staj ilanÄ±na Ä°YTE KARDES ile ulaÅŸtÄ±ÄŸÄ±nÄ±zÄ± belirterek baÅŸvuru yapabilirsiniz. Ãœretim DepartmanÄ±: Makina MÃ¼hendisliÄŸi 3. ve ..."
False,False,False,23/11/2020,16:38,38 KB,kariyer,DAAD-AHK Kariyer GÃ¼nÃ¼ | VM Online Studies 2020,"DeÄŸerli Ä°YTE'liler, Online Kariyer etkinliÄŸi ile alakalÄ± duyuru metni aÅŸaÄŸÄ±da yer almaktadÄ±r. BaÅŸarÄ±lÄ± ve saÄŸlÄ±klÄ± gÃ¼nler dileriz. GÃ¼rhan Ã–zsamancÄ± ..."
False,False,False,23/11/2020,15:13,14 KB,erasmuskoordinator,2020 MCI KÄ±ÅŸ Okulu BaÅŸvurularÄ± Aday Ã–ÄŸrenci Listesi,"Sevgili Ã–ÄŸrencilerimiz, Avusturya, Management Center Innsbruck'un dÃ¼zenleyeceÄŸi kÄ±ÅŸ okulu iÃ§in 16 KasÄ±m 2020 gÃ¼nÃ¼, saat 24.00 a kadar 96 baÅŸvuru ..."
False,False,True,23/11/2020,14:51,134 KB,Bilgisayar MÃ¼hendisliÄŸi BÃ¶lÃ¼m SekreterliÄŸi,Fwd: Ä°ÅŸ Ä°lanÄ± Hk.,"BÃ¶lÃ¼m Ã¶ÄŸrencilerimize duyurulur. Ä°yi Ã§alÄ±ÅŸmalar, BÃ¶lÃ¼m SekreterliÄŸi Ä°zmir YÃ¼ksek Teknoloji EnstitÃ¼sÃ¼ Bilgisayar MÃ¼hendisliÄŸi BÃ¶lÃ¼mÃ¼ 35430 Urla - ..."
False,False,False,23/11/2020,12:50,3 KB,sksspor,Spor Tesislerinin KapatÄ±lmasÄ±,DeÄŸerli Ä°YTE'liler. Covid 19 vakalarÄ±nda gÃ¶rÃ¼len artÄ±ÅŸ nedeni ile ilgili kurullarÄ±n aldÄ±ÄŸÄ± kararlar doÄŸrultusunda ve siz deÄŸerli Ä°YTEâ€™lilerin ...
False,False,True,23/11/2020,11:54,636 KB,skspsikolojikdanismanlik,FarkÄ±ndalÄ±k Seminerleri II-Akademik Stres Nedir? NasÄ±l BaÅŸ Edilir?,"DeÄŸerli Ä°YTE'liler, GeÃ§tiÄŸimiz hafta ilkini gerÃ§ekleÅŸtirdiÄŸimiz FarkÄ±ndalÄ±k Seminerleri dizimizin ikincisi Uzman Psikolog Ã–zlem Ã–ZTEN tarafÄ±ndan, ..."
False,False,True,23/11/2020,10:54,240 KB,gidabeslenmevesaglik,"Ä°YTE GÄ±da, Beslenme ve SaÄŸlÄ±k TopluluÄŸu Ãœye AlÄ±mlarÄ± Hk.","Merhabalar, Ä°YTE GÄ±da, Beslenme & SaÄŸlÄ±k TopluluÄŸu olarak 2020-2021 dÃ¶nemi Ã¼ye alÄ±mlarÄ±mÄ±z baÅŸlamÄ±ÅŸtÄ±r. Sene boyunca yapacaÄŸÄ±mÄ±z online etkinliklere ..."
False,False,False,23/11/2020,09:07,85 KB,Ä°YTE KÃ¼tÃ¼phane / IZTECH Library,Wiley Web Seminerleri - UluslararasÄ± Akademik Dergilerde YayÄ±n Yapmak / Wiley Webinars - How to Get Published in Academic Journal,DeÄŸerli Ä°YTE'liler; Wiley tarafÄ±ndan gerÃ§ekleÅŸtirilecek web seminerlerine iliÅŸkin bilgiler aÅŸaÄŸÄ±da yer almaktadÄ±r: * UluslararasÄ± Akademik Dergilerde ...
False,False,True,22/11/2020,20:15,383 KB,dsciztech,DSCIZTECH'den BÃ¼yÃ¼k Ã‡ekiliÅŸ!,"Taiwan'Ä±n eÅŸsiz G0V summit etkinliÄŸi iÃ§in 4 bilet hediye ediyoruz! Bu paylaÅŸÄ±mÄ± @dsciztech Instagram'da beÄŸenip, 1 arkadaÅŸÄ±nÄ± etkileyerek Ã§ekiliÅŸe ..."
False,False,True,21/11/2020,21:31,7 MB,Bilgisayar MÃ¼hendisliÄŸi BÃ¶lÃ¼m SekreterliÄŸi,2247-C Stajyer AraÅŸtÄ±rmacÄ± Burs ProgramÄ±,Ekte DekanlÄ±k yazÄ±sÄ± yer almaktadÄ±r. BÃ¶lÃ¼m Ã¶ÄŸrencilerimize Ã¶nemle duyurulur. Bilgilerinize BÃ¶lÃ¼m SekreterliÄŸi Ä°zmir YÃ¼ksek Teknoloji EnstitÃ¼sÃ¼ ...
True,False,True,21/11/2020,13:03,144 KB,genelkultur,Kolokyum Daveti: AnaakÄ±m ve Biyoetik,"DeÄŸerli Ä°YTE'liler, Genel KÃ¼ltÃ¼r Dersleri BÃ¶lÃ¼mÃ¼ olarak Ä°nsan ve Toplum Bilimleri alanÄ±nda uzman konuÅŸmacÄ±larla geÃ§en yÄ±l baÅŸlattÄ±ÄŸÄ±mÄ±z kolokyum ..."
False,False,False,20/11/2020,20:26,12 KB,Uzaktan EÄŸitim Uygulama ve AraÅŸtÄ±rma Merkezi (UZEM),Duyuru: 3fexam ve Moodle LMS,"DeÄŸerli Ã–ÄŸrencilerimiz, 3fexam Ã§evrimiÃ§i sÄ±nav sistemi ve Ã¶ÄŸrenim yÃ¶netim sistemi (cloud-LMS) ile ilgili bilgilendirme metinlerine aÅŸaÄŸÄ±daki ..."
False,False,True,20/11/2020,16:54,643 KB,Ä°YTE Mezunlar Ofisi,Ä°YTE MezunlarÄ± Deneyimlerini AktarÄ±yor-2 SÃ¶yleÅŸisi (HatÄ±rlatma),"Sevgili Ã–ÄŸrenciler, Ä°YTE Mezunlar Ofisi olarak Ä°YTE MezunlarÄ± ve Ä°YTE Ã¶ÄŸrencileri arasÄ±nda etkileÅŸimi gÃ¼Ã§lendirmek ve mezunlarÄ±mÄ±zÄ±n kariyer ..."
False,False,False,19/11/2020,20:13,7 KB,sks,Depremde Psikolojik Destek,"DeÄŸerli Ä°YTE'liler, Daha Ã¶nce duyurusunu yaptÄ±ÄŸÄ±mÄ±z Depremde Psikolojik Destek adlÄ± seminerimize diÄŸer linkte yaÅŸanan sorun nedeni ile aÅŸaÄŸÄ±daki ..."
False,False,True,19/11/2020,18:18,492 KB,iytembt,HatÄ±rlatma- Material Matters E-KonferansÄ±,"SaygÄ±deÄŸer Ä°YTE'liler, Ä°YTE Malzeme Bilimi ToplulugÌ†u olarak â€œMaterial Mattersâ€ canlÄ± yayÄ±n serimizin ilk etkinligÌ†i ile karsÌ§Ä±nÄ±zdayÄ±z. Prof. Dr. ..."
False,False,True,19/11/2020,17:18,320 KB,halklailiskiler,TasarÄ±m YarÄ±ÅŸmasÄ± Duyurusu,"DeÄŸerli Ä°YTE'liler, BiDestekol BiliÅŸim ve DanÄ±ÅŸmanlÄ±k Limited Åirketi tarafÄ±ndan dÃ¼zenlenen ve aÅŸaÄŸÄ±da kÄ±sa bilgilendirmesi yer alan YÄ±lbaÅŸÄ± Tebrik ..."
False,False,False,19/11/2020,15:35,84 KB,Ä°YTE KÃ¼tÃ¼phane / IZTECH Library,ProQuest KasÄ±m AyÄ± EÄŸitim Seminerleri / ProQuest Online Training in November,DeÄŸerli Akademisyenlerimiz; ProQuest TÃ¼rkiye tarafÄ±ndan KasÄ±m ayÄ±nda gerÃ§ekleÅŸtirilecek eÄŸitim seminerleri aÅŸaÄŸÄ±da yer almaktadÄ±r. EÄŸitim dili TÃ¼rkÃ§e ...
False,False,False,19/11/2020,13:07,16 KB,oidb,GÃ¼ncellenen 2020-2021 EÄŸitim Ã–ÄŸretim YÄ±lÄ± Akademik Takvimi,"DeÄŸerli Ã–ÄŸrencilerimiz, 30 Ekim 2020 tarihinde meydana gelen deprem nedeniyle 2-6 KasÄ±m tarihlerinde eÄŸitime ara verilen bir haftalÄ±k sÃ¼re akademik ..."
True,False,False,19/11/2020,12:47,43 KB,genelkultur,TÃ¼rk Dili ve Tarih Dersleri Microsoft Teams KodlarÄ±,"Sevgili Ã–ÄŸrenciler, Ãœniversitemizde TÃ¼rk Dili Dersleri I (TURK201), AtatÃ¼rk Ä°lkeleri ve Ä°nkÄ±lÃ¢p Tarihi I (HIST201) ve History of Turkish Revolution ..."
False,False,False,19/11/2020,11:21,60 KB,skskultur,Ä°ÃœP GÃ¶nÃ¼llÃ¼lÃ¼k Formu,"DeÄŸerli Ã–ÄŸrencilerimiz. Ä°zmir Ãœniversiteleri Platformu, Sosyal Sorumluluk Grubu dÃ¶nem faaliyetleri kapsamÄ±nda, KÃ¼ltÃ¼r Park'ta depremzedelere yapÄ±lan ..."
False,False,True,19/11/2020,09:52,270 KB,skspsikolojikdanismanlik,HatÄ±rlatma-FarkÄ±ndalÄ±k Seminerleri 1- Depremde Psikolojik Destek,"DeÄŸerli Ä°YTE'liler, DoÄŸal afetler, fiziksel, ekonomik ve sosyal kayÄ±plar doÄŸuran, insanÄ±n normal yaÅŸantÄ±sÄ±nÄ± ve eylemlerini durduracak kadar ..."
False,False,True,18/11/2020,15:27,270 KB,skspsikolojikdanismanlik,HatÄ±rlatma-FarkÄ±ndalÄ±k Seminerleri 1- Depremde Psikolojik Destek,"DeÄŸerli Ä°YTE'liler, DoÄŸal afetler, fiziksel, ekonomik ve sosyal kayÄ±plar doÄŸuran, insanÄ±n normal yaÅŸantÄ±sÄ±nÄ± ve eylemlerini durduracak kadar ..."
False,False,False,18/11/2020,13:21,14 KB,yapiisleridb,Ä°YTE Ã‡evre KontrollÃ¼ TarÄ±m AraÅŸtÄ±rmalarÄ± Uygulama Ve AraÅŸtÄ±rma Merkezi Fizibilite Raporu Sunumu HatÄ±rlatma,"DeÄŸerli Ä°YTE'liler, RektÃ¶rlÃ¼ÄŸÃ¼mÃ¼z tarafÄ±ndan Ä°zmir KalkÄ±nma AjansÄ± destekli olarak yÃ¼rÃ¼tÃ¼len ""Ã‡evre KontrollÃ¼ TarÄ±m AraÅŸtÄ±rmalarÄ± Uygulama ve ..."
False,False,True,18/11/2020,12:40,3 MB,Ä°YTE Ä°novasyon TopluluÄŸu,Ä°YTE Ä°novasyon TopluluÄŸu Ãœye AlÄ±mlarÄ± Hk.,"Merhabalar, Â Â Â Â  Ä°YTE Ä°novasyon TopluluÄŸu olarak bu sene online bir ÅŸekilde gerÃ§ekleÅŸtireceÄŸimiz Ã¼ye alÄ±mlarÄ±mÄ±z baÅŸladÄ±. Sene boyunca Ã¼yelerimize ..."
False,False,True,18/11/2020,11:37,358 KB,iwr,"""UluslararasÄ± SÄ±nÄ±raÅŸan Su HavzalarÄ±nda Artan Belirsizlikler ve Riskler"" Semineri","EnstitÃ¼mÃ¼zÃ¼n DeÄŸerli MensuplarÄ±, Ä°klim deÄŸiÅŸikliÄŸi, artan nÃ¼fus, Ã§arpÄ±k kentleÅŸme ve yanlÄ±ÅŸ planlamalar sonucu su kaynaklarÄ±; hem kalite hem de ..."
False,False,True,18/11/2020,11:03,673 KB,Ä°YTE Mezunlar Ofisi,Ä°YTE MezunlarÄ± Deneyimlerini AktarÄ±yor-2 SÃ¶yleÅŸisi,"Sevgili Ã–ÄŸrenciler, Ä°YTE Mezunlar Ofisi olarak Ä°YTE MezunlarÄ± ve Ä°YTE Ã¶ÄŸrencileri arasÄ±nda etkileÅŸimi gÃ¼Ã§lendirmek ve mezunlarÄ±mÄ±zÄ±n kariyer ..."
False,False,False,17/11/2020,16:34,65 KB,Teknoparkizmir,Teknopark Ä°zmir - Ã–zel BÃ¼lten / KasÄ±m 2020,<https://gallery.mailchimp.com/d8d3b7a5b1dcdcccf96daadc4/images/779d6d9a-81f9-4c44-adc4-c88b2ac23ec5.jpg> ...
False,False,True,17/11/2020,16:15,294 KB,IYTESEM Sanayi 4.0 ProgramlarÄ±,"Fwd: HATIRLATMA:SANAYÄ°4.0 PROJE YÃ–NETÄ°MÄ° SERTÄ°FÄ°KA PROGRAMI,30 KASIM 2020(CanlÄ±/E-eÄŸitim)",Programa kayÄ±t yapan ilk 5 Ä°YTE Ã¶ÄŸrencisine ve mezunlarÄ±na eÄŸitim Ã¼cretinin %50'si oranÄ±nda indirim uygulanacaktÄ±r. AyrÄ±ntÄ±lÄ± Bilgi: [ ...
False,False,False,17/11/2020,16:01,65 KB,Teknoparkizmir,"Teknopark Ä°zmir - ""E-BÃ¼lten / Temmuz 2020""",<https://gallery.mailchimp.com/d8d3b7a5b1dcdcccf96daadc4/images/779d6d9a-81f9-4c44-adc4-c88b2ac23ec5.jpg> ...
False,False,False,17/11/2020,15:12,52 KB,ieee,IEEE Ä°YTE SolidWorks EÄŸitimi,"Merhabalar, IEEE Ä°YTE olarak bu yÄ±lki eÄŸitim serimize ilk eÄŸitimimiz ile baÅŸlÄ±yoruz! MÃ¼hendislikte olmazsa olmaz bir yere sahip teknik Ã§izim ve 3 ..."
True,False,True,17/11/2020,14:52,159 KB,Teknoparkizmir,Duyuru - Teknopark Ä°zmir Classboom Ã–n KuluÃ§ka Merkezi BaÅŸvurularÄ± Devam Ediyor,Teknopark Ä°zmir CLASSBOOM Ã–N KULUÃ‡KA MERKEZÄ° BAÅVURULARI DEVAM EDÄ°YOR Teknopark Ä°zmir bÃ¼nyesinde yÃ¼rÃ¼tÃ¼len Classboom Ã–n KuluÃ§ka ProgramÄ± ile ...
False,False,True,17/11/2020,14:30,492 KB,iytembt,Material Matters,"SaygÄ±deÄŸer Ä°YTE'liler, Ä°YTE Malzeme Bilimi ToplulugÌ†u olarak â€œMaterial Mattersâ€ canlÄ± yayÄ±n serimizin ilk etkinligÌ†i ile karsÌ§Ä±nÄ±zdayÄ±z. Prof. Dr. ..."
False,False,True,16/11/2020,21:30,131 KB,kariyer,"Ä°ÅŸ Ä°lanÄ± hk. [Bilgisayar, Elektronik ve HaberleÅŸme MÃ¼hendisliÄŸi 4. sÄ±nÄ±f Ã¶ÄŸrencilerinin dikkatine]","DeÄŸerli Ä°YTE'liler, Ekteki ilanÄ±na ÅŸartlarÄ± saÄŸlamanÄ±z durumunda Ä°YTE KARDES aracÄ±lÄ±ÄŸÄ± ile baÅŸvurabilirsiniz. BaÅŸarÄ±lÄ± ve saÄŸlÄ±klÄ± gÃ¼nler diler ..."
False,False,True,16/11/2020,19:34,252 KB,Ä°YTE Optik ve Fotonik TopluluÄŸu,Late Light Talks E-KonferansÄ±,"SaygÄ±deÄŸer Ä°YTEâ€™liler, Ä°YTE Optik ve Fotonik TopluluÄŸu olarak 17 KasÄ±m 2020 SalÄ± gÃ¼nÃ¼ (yarÄ±n) saat 21.00'da MAXION Wheels BÃ¶lgesel SAP Destek MÃ¼dÃ¼rÃ¼ ..."
False,False,True,16/11/2020,16:53,1 MB,ieee,IEEE Ä°YTE TanÄ±ÅŸma ToplantÄ±sÄ±,"Merhabalar, IEEE Ä°YTE olarak, 19 KasÄ±m PerÅŸembe gÃ¼nÃ¼ 18.00â€™da Microsoft Teams Ekibi Ã¼zerinden tanÄ±ÅŸma toplantÄ±mÄ±zÄ± gerÃ§ekleÅŸtireceÄŸiz. Ãœyelerimize ..."
False,False,True,16/11/2020,14:46,295 KB,skspsikolojikdanismanlik,FarkÄ±ndalÄ±k Seminerleri 1- Depremde Psikolojik Destek,"DeÄŸerli Ä°YTE'liler, DoÄŸal afetler, [ https://tr.wikipedia.org/wiki/%C4%B0nsan | insanlar ] iÃ§in fiziksel, ekonomik ve sosyal kayÄ±plar doÄŸuran, ..."
False,False,False,16/11/2020,14:02,48 KB,Uzaktan EÄŸitim Uygulama ve AraÅŸtÄ±rma Merkezi (UZEM),Ã‡evrimiÃ§i sÄ±nav sistemi hakkÄ±nda,"DeÄŸerli Ã–ÄŸrencilerimiz, Uzaktan eÄŸitimde Ã§evrimiÃ§i sÄ±navlarda kullanÄ±labilecek yeni bir sÄ±nav sisteminin kurulumu tamamlanmÄ±ÅŸtÄ±r. Bu dÃ¶nem almÄ±ÅŸ ..."
False,False,True,16/11/2020,13:46,426 KB,iyte-sem,"HATIRLATMA:6.Kentsel DÃ¶nÃ¼ÅŸÃ¼m UzmanlÄ±ÄŸÄ± Sertifika ProgramÄ±,21 KasÄ±m 2020(CanlÄ±/E-eÄŸitim)",Programa kayÄ±t yapan ilk 5 Ä°YTE Ã¶ÄŸrencisine ve mezunlarÄ±na eÄŸitim Ã¼cretinin %50'si oranÄ±nda indirim uygulanacaktÄ±r. AyrÄ±ntÄ±lÄ± Bilgi: [ ...
True,False,True,16/11/2020,13:37,260 KB,yapiisleridb,Ä°YTE Ã‡evre KontrollÃ¼ TarÄ±m AraÅŸtÄ±rmalarÄ± Uygulama Ve AraÅŸtÄ±rma Merkezi Fizibilite Raporu Sunumu,"DeÄŸerli Ä°YTE'liler, RektÃ¶rlÃ¼ÄŸÃ¼mÃ¼z tarafÄ±ndan Ä°zmir KalkÄ±nma AjansÄ± destekli olarak yÃ¼rÃ¼tÃ¼len ""Ã‡evre KontrollÃ¼ TarÄ±m AraÅŸtÄ±rmalarÄ± Uygulama ve ..."
False,False,False,16/11/2020,09:44,53 KB,Ä°YTE KÃ¼tÃ¼phane / IZTECH Library,Total Materia Yeni ArayÃ¼z Web Semineri / Total Materia New Interface Webinar,DeÄŸerli Ä°YTE'liler; Aboneliklerimiz arasÄ±nda bulunan geniÅŸ kapsamlÄ± malzeme veri tabanÄ± Total Materia'nÄ±n yeni arayÃ¼zÃ¼ ile ilgili bir web semineri ...
False,False,True,15/11/2020,23:31,17 MB,YASEMÄ°N DEMÄ°RKOL,KÄ°RALIK EV,"Merhaba, Mezun olduÄŸum iÃ§in 1+1 evimi boÅŸaltÄ±yorum. Ev 1+1 Ã§atÄ±lÄ± dubleks dairedir. Ã‡atÄ±lÄ± insula evleri iÃ§erisinde bulunmaktadÄ±r. Evin konumu Åokâ€™a ..."
True,False,False,14/11/2020,17:17,4 KB,ATAKAN GÃ–KTÃœRK,Ä°YTE Arama ve Kurtarma TopluluÄŸu,"DeÄŸerli Ã¶ÄŸrenci arkadaÅŸlarÄ±m, Ä°YTE Arama Kurtarma ve Acil YardÄ±m TopluluÄŸu kuruluÅŸ aÅŸamasÄ±ndayÄ±z. AmacÄ±mÄ±z tamamen gÃ¶nÃ¼llÃ¼ esaslÄ± bir topluluktur. ..."
False,False,False,14/11/2020,02:40,3 KB,AHMED HALTAÅ,1+0/1+1 Ev,"Merhabalar, GÃ¼lbahÃ§e, Torosan ya da Urla'da 1+0/1+1 ev arÄ±yorum, evini devretmek isteyen ya da boÅŸ ev bilgisi olan bu mail Ã¼zerinden geri dÃ¶nÃ¼ÅŸ ..."
False,False,False,13/11/2020,13:07,5 KB,NURGÃœL TOSUN,Appricot | Frontend & Backend Developer Ä°ÅŸ Ä°lanÄ± Hk.,"Merhabalar, Ä°zmir, BayraklÄ±, Folkart Time'de yer alan Appricot yazÄ±lÄ±m ÅŸirketine stajyer, back-end developer ve front-end developer aranÄ±yor. KiÅŸinin ..."
False,False,True,13/11/2020,12:33,252 KB,Ä°YTE Optik ve Fotonik TopluluÄŸu,Late Light Talks E-KonferansÄ±,"SaygÄ±deÄŸer Ä°YTEâ€™liler, Ä°YTE Optik ve Fotonik TopluluÄŸu olarak 17 KasÄ±m 2020 SalÄ± gÃ¼nÃ¼ saat 21.00'da MAXION Wheels BÃ¶lgesel SAP Destek MÃ¼dÃ¼rÃ¼ SayÄ±n ..."
False,False,True,13/11/2020,10:12,3 MB,erasmuskoordinator,KÄ±ÅŸ Okulu Ders Ä°Ã§erikleri,"Sevgili Ã–ÄŸrencilerimiz, Management Center Innsbruck kÄ±ÅŸ okulunda verilecek derslerin iÃ§eriklerini Ofisimizle paylaÅŸmÄ±ÅŸtÄ±r. SÃ¶z konusu iÃ§erikler geÃ§en ..."
False,False,False,13/11/2020,10:00,4 KB,GitHub,[GitHub] Please verify your device,"Hey muratalperen! A sign in attempt requires further verification because we did not recognize your device. To complete the sign in, enter the ..."
False,False,False,13/11/2020,09:42,33 KB,erasmuskoordinator,GÃ¶teborg Ãœniversitesi-Yaz Okulu (Summer School for Sustainability 2021),"Sevgili Ã–ÄŸrencilerimiz, Ä°sveÃ§, GÃ¶teborg Ãœniversitesinin 5 Temmuz-30 Temmuz 2021 tarihleri arasÄ±nda dÃ¼zenleyeceÄŸi yaz okuluna iliÅŸkin duyuru ..."
False,False,False,12/11/2020,10:32,19 KB,erasmuskoordinator,KÄ±ÅŸ Okulu BaÅŸvuru Tarih DeÄŸiÅŸikliÄŸi ve Ã–ÄŸrenci SeÃ§imi,"Sevgili Ã–ÄŸrencilerimiz, AÅŸaÄŸÄ±da duyurusunu yaptÄ±ÄŸÄ±mÄ±z kÄ±ÅŸ okuluna gÃ¶sterdiÄŸiniz yoÄŸun ilgiden dolayÄ± teÅŸekkÃ¼r ederiz. Ancak kÄ±ÅŸ okulunu dÃ¼zenleyen ..."
False,False,False,12/11/2020,00:53,4 KB,kariyer,Staj Ä°lanÄ± Hk. [Ä°nÅŸaat MÃ¼hendisliÄŸi Lisans Ã–ÄŸrencilerinin dikkatine],"DeÄŸerli Ä°YTE'liler, Tusan YapÄ±'ya ait Ceyhan/Adana Åantiyesinde yetiÅŸtirilmek Ã¼zere; -Staj zorunluluÄŸu bulunan, -Ä°nÅŸaat mÃ¼hendisliÄŸi bÃ¶lÃ¼mÃ¼n eÄŸitimi ..."
False,False,False,11/11/2020,16:19,2 KB,Arda Eren GÃ¼ner,kiralÄ±k ev,1+0 1+1 kiral?k ev ar?yorum. Veya ev arkada?? arayan varsa mail ?zerinden ula??rsa sevinirim.
False,False,False,11/11/2020,14:12,90 KB,Ä°YTE KÃ¼tÃ¼phane / IZTECH Library,Web of Science KasÄ±m - AralÄ±k AyÄ± Web Seminerleri / Web of Science Webinars in November and December,DeÄŸerli Ä°YTE'liler; Web of Science (WOS) KasÄ±m ve AralÄ±k aylarÄ±nda gerÃ§ekleÅŸtirilecek olan web seminerlerine iliÅŸkin bilgiler aÅŸaÄŸÄ±da yer almaktadÄ±r. ...
False,False,False,10/11/2020,20:12,15 KB,kariyer,EczacÄ±baÅŸÄ± TÃ¼ketim ÃœrÃ¼nleri Stay On Line Bilgi Teknolojileri,"DeÄŸerli Ä°YTE'liler, EczacÄ±baÅŸÄ± TÃ¼ketim ÃœrÃ¼nleri grubu â€œStay On Lineâ€ markasÄ± adÄ± altÄ±nda her ay bir fonksiyonunun YÃ¶neticileri / MÃ¼dÃ¼rleri ile online ..."
False,False,False,10/11/2020,18:47,14 KB,kariyer,SÃ¶z Yetenekte EtkinliÄŸi DuyurularÄ± Hk.,"DeÄŸerli Ä°YTE'liler, T.C. CumhurbaÅŸkanlÄ±ÄŸÄ± Ä°nsan KaynaklarÄ± Ofisi tarafÄ±ndan organize edilen canlÄ± yayÄ±n programÄ± duyuru gÃ¶rselleri linkleri aÅŸaÄŸÄ±da ..."
False,False,False,10/11/2020,17:11,21 KB,skskultur,Nota-Solfej EÄŸitimi HatÄ±rlatma,"DeÄŸerli Ä°YTE'liler, Daire BaÅŸkanlÄ±ÄŸÄ±mÄ±z bÃ¼nyesinde hizmet vermekte olan BurÃ§in Uyar, 21 Ekim 2020 (Ã‡arÅŸamba) tarihinden itibaren her hafta Ã§arÅŸamba ..."
False,False,False,10/11/2020,17:09,3 KB,ogrenciotomasyonu,Ä°YTE-HazÄ±rlÄ±k Ã–ÄŸrenci Anketi,"DeÄŸerli Ã–ÄŸrencilerimiz, Ä°YTE'nin sizler tarafÄ±ndan tanÄ±nÄ±rlÄ±ÄŸÄ±nÄ± Ã¶lÃ§mek iÃ§in oluÅŸturulan anket aÅŸaÄŸÄ±daki linkte yer almaktadÄ±r. Anket 16.11.2020 ..."
False,False,True,10/11/2020,09:29,133 KB,halklailiskiler,(HATIRLATMA) 10 KasÄ±m AtatÃ¼rk'Ã¼ Anma ProgramÄ±,Milletimizin kÃ¶tÃ¼ye giden yazgÄ±sÄ±nÄ± deÄŸiÅŸtiren TÃ¼rkiye Cumhuriyetiâ€™nin kurucusu Gazi Mustafa Kemal AtatÃ¼rkâ€™Ã¼n ebediyete intikal ediÅŸinin 82. yÄ±lÄ±nda ...
False,False,False,10/11/2020,09:22,9 KB,Ä°YTE MimarlÄ±k FakÃ¼ltesi DekanlÄ±ÄŸÄ±,10 KasÄ±m Mustafa Kemal ATATÃœRK'Ã¼ Anma GÃ¼nÃ¼ MesajÄ±,"DeÄŸerli Ä°YTE'liler, GÃ¶sterdiÄŸi yolda aldÄ±ÄŸÄ±mÄ±z ilhamla; ""fikri hÃ¼r, vicdanÄ± hÃ¼r, irfanÄ± hÃ¼r"" nesiller yetiÅŸtirmeye devam edeceÄŸimiz BÃ¼yÃ¼k Ã–nder Gazi ..."
False,False,True,10/11/2020,09:10,139 KB,RektÃ¶rlÃ¼k,"RektÃ¶r BARAN'Ä±n ""10 KasÄ±m AtatÃ¼rk'Ã¼ Anma GÃ¼nÃ¼"" MesajÄ±",Ä°zmir YÃ¼ksek Teknoloji EnstitÃ¼sÃ¼ Ä°zmir Institute of Technology RektÃ¶rlÃ¼k Ã–zel Kalem President Office Tel : 0232 750 6001 - 6002 Phone : +9 0232 750 ...
False,False,True,10/11/2020,09:07,61 KB,muhdek,10 kasÄ±m AtatÃ¼rk'Ã¼ Anma mesajÄ±,"DeÄŸerli Ä°YTE'liler, Cumhuriyetimizin kurucusu Ulu Ã–nder Gazi Mustafa Kemal ATATÃœRKâ€™Ã¼, aramÄ±zdan ayrÄ±lÄ±ÅŸÄ±nÄ±n 82. yÄ±lÄ±nda 10 KasÄ±m'da sevgi, saygÄ±, ..."
False,False,True,9/11/2020,13:42,292 KB,IYTESEM Sanayi 4.0 ProgramlarÄ±,"HATIRLATMA:SANAYÄ°4.0 PROJE YÃ–NETÄ°MÄ° SERTÄ°FÄ°KA PROGRAMI,30 KASIM 2020(CanlÄ±/E-eÄŸitim)",Programa kayÄ±t yapan ilk 5 Ä°YTE Ã¶ÄŸrencisine ve mezunlarÄ±na eÄŸitim Ã¼cretinin %50'si oranÄ±nda indirim uygulanacaktÄ±r. AyrÄ±ntÄ±lÄ± Bilgi: [ ...
False,False,True,9/11/2020,10:59,126 KB,halklailiskiler,10 KasÄ±m AtatÃ¼rk'Ã¼ Anma ProgramÄ±,Milletimizin kÃ¶tÃ¼ye giden yazgÄ±sÄ±nÄ± deÄŸiÅŸtiren TÃ¼rkiye Cumhuriyetiâ€™nin kurucusu Gazi Mustafa Kemal AtatÃ¼rkâ€™Ã¼n ebediyete intikal ediÅŸinin 82. yÄ±lÄ±nda ...
False,False,False,9/11/2020,09:28,6 KB,Ä°YTE MimarlÄ±k FakÃ¼ltesi DekanlÄ±ÄŸÄ±,HatÄ±rlatma- Ã–ÄŸrencimiz Seda DÄ°NÃ‡ER'i Anma TÃ¶reni,"DeÄŸerli Ä°YTE'liler, BildiÄŸiniz Ã¼zere MimarlÄ±k FakÃ¼ltesi- Åehir ve BÃ¶lge Planlama ikinci sÄ±nÄ±f Ã¶ÄŸrencimiz Seda DÄ°NÃ‡ERâ€™i, Ä°zmirâ€™de meydana gelen ..."
False,False,False,8/11/2020,20:45,25 KB,besc,8. Ulusal BiyomÃ¼hendislik Ã–ÄŸrenci Kongresi Daveti,"Merhaba KÄ±ymetli Ä°YTEâ€™liler, TopluluÄŸumuz, BiyomÃ¼hendislik Ã–ÄŸrenci TopluluÄŸu, bu sene Ã¼niversitemizin ev sahipliÄŸini yapacaÄŸÄ± 8. Ulusal ..."
False,False,False,7/11/2020,15:25,79 KB,Ä°YTE KÃ¼tÃ¼phane / IZTECH Library,Elsevier 5N1K EKUAL Seminer Serileri â€“ KasÄ±m ProgramÄ± / Elsevier 5N1K EKUAL Webinar Series - November Programme,"DeÄŸerli Ä°YTE'liler, Elsevier TÃ¼rkiye ekibi tarafÄ±ndan [ https://cabim.ulakbim.gov.tr/ekual/ | TÃœBÄ°TAK ULAKBÄ°M EKUAL ] iÅŸbirliÄŸi ile dÃ¼zenlenen KasÄ±m ..."
False,False,False,6/11/2020,20:59,4 KB,kariyer,TÃœBÄ°TAK STAR Stajyer AraÅŸtÄ±rmacÄ± ProgramÄ± hk.,"DeÄŸerli Ä°YTE'liler, TÃœBÄ°TAK STAR Stajyer AraÅŸtÄ±rmacÄ± ProgramÄ± kapsamÄ±nda Ã¼niversitemizden 39 ayrÄ± projede ve diÄŸer Ã¼niversitelerde de toplamda 1872 ..."
True,False,False,6/11/2020,13:26,11 KB,sks,KYK Bursu BaÅŸvurusu BaÅŸlamÄ±ÅŸtÄ±r,"DeÄŸerli Ã–ÄŸrencilerimiz, Kredi ve Yurtlar Kurumu tarafÄ±ndan Ã¼niversitelere ayrÄ±lan kontenjan dÃ¢hilinde 11 Ã¶ÄŸrenciye burs imkÃ¢nÄ± saÄŸlanacaktÄ±r. BaÅŸvuru ..."
False,False,True,5/11/2020,23:17,142 KB,kariyer,Ä°ÅŸ Ä°lanÄ± Hk. [Bilgisayar MÃ¼hendisliÄŸi Son SÄ±nÄ±f Ã–ÄŸrencilerinin Dikkatine],"DeÄŸerli Ä°YTE'liler, Ekteki ilanlara ÅŸartlarÄ± saÄŸlamanÄ±z durumunda Ä°YTE KARDES aracÄ±lÄ±ÄŸÄ± ile baÅŸvurabilirsiniz. BaÅŸarÄ±lÄ± ve saÄŸlÄ±klÄ± gÃ¼nler dileriz ..."
False,False,False,5/11/2020,19:54,23 KB,Shodmon Tolibov,Re: KÄ±ÅŸ Okulu Duyurusu-MCI Winter Program: online in 2021,"Merhaba, Avusturya, Management Center Innsbruck tarafÄ±ndan dÃ¼zenlenen kÄ±ÅŸ okulunda aÅŸaÄŸÄ±da belirtiÄŸim dersleri almak istiyorum. 1) Innovation and ..."
False,False,True,5/11/2020,17:25,6 MB,erasmuskoordinator,KÄ±ÅŸ Okulu Duyurusu-MCI Winter Program: online in 2021,"DeÄŸerli Ã–ÄŸrencilerimiz, Ã–ncelikle sevgili Ã¶ÄŸrencimiz Seda DinÃ§er'in kaybÄ±ndan Ã¶tÃ¼rÃ¼ tÃ¼m Ä°YTE ailesine, Ã¶ÄŸrencilerimize baÅŸsaÄŸlÄ±ÄŸÄ± diliyoruz. ..."
False,False,False,5/11/2020,14:36,6 KB,Ä°YTE MimarlÄ±k FakÃ¼ltesi DekanlÄ±ÄŸÄ±,Ã–ÄŸrencimiz Seda DÄ°NÃ‡ER'i Anma TÃ¶reni,"DeÄŸerli Ä°YTE'liler, BildiÄŸiniz Ã¼zere MimarlÄ±k FakÃ¼ltesi- Åehir ve BÃ¶lge Planlama ikinci sÄ±nÄ±f Ã¶ÄŸrencimiz Seda DÄ°NÃ‡ERâ€™i, Ä°zmirâ€™de meydana gelen ..."
True,False,True,4/11/2020,22:07,526 KB,kariyer,"Fwd: Turkcell SÄ±nÄ±rsÄ±z Yetenek BaÅŸvurularÄ± AÃ§Ä±ldÄ±! [TÃ¼m lisans 2., 3. ve 4. sÄ±nÄ±f ile lisansÃ¼stÃ¼ Ã¶ÄŸrencilerinin dikkatine]","DeÄŸerli Ä°YTE'liler, Sizlere ve tÃ¼m Ä°zmir'lilere geÃ§miÅŸ olsun dileklerimizi iletiyoruz. AcÄ± kaybÄ±mÄ±z, Ã¶ÄŸrencimiz Seda DinÃ§er'a Allah'tan rahmet, ..."
False,False,False,4/11/2020,17:55,35 KB,Azure DevOps,Welcome to Azure DevOps,Thanks for joining us. Here are a couple of great ways to get started: [Microsoft] Welcome! Thanks for joining us. Here are a couple of great ways to ...
True,False,False,4/11/2020,17:53,12 KB,Microsoft hesap ekibi,E-posta adresinizi doÄŸrulayÄ±n,Microsoft hesabÄ± E-posta adresinizi doÄŸrulayÄ±n Microsoft hesabÄ±nÄ±zÄ± ayarlama iÅŸlemini sonlandÄ±rmak iÃ§in bu e-posta adresinin size ait olduÄŸundan emin ...
True,False,False,3/11/2020,19:40,9 KB,sales,Re: Pro support contact from submission,"Hi, Thanks for contacting us! We are experiencing a bug with activating Kite Pro for education users. There is a temporary workaround posted on this ..."
False,False,True,3/11/2020,19:26,30 KB,RektÃ¶rlÃ¼k,Deprem Felaketi Nedeniyle SÄ±nav YapÄ±lmamasÄ± ve Ã–dev Teslimlerinin Ertelenmesi HakkÄ±nda Karar,"Sevgili Ã–ÄŸrencilerimiz, Ã–ncelikle saÄŸlÄ±ÄŸÄ±nÄ±zÄ±n yerinde olmasÄ±nÄ± umuyor, geÃ§miÅŸ olsun dileklerimizi iletiyoruz. 30 Ekim tarihinde yaÅŸadÄ±ÄŸÄ±mÄ±z deprem ..."
False,False,False,3/11/2020,16:57,12 KB,oidb,Anket Duyurusu,"DeÄŸerli Ã–ÄŸrencilerimiz, Ankara YÄ±ldÄ±rÄ±m BeyazÄ±t Ãœniversitesi SaÄŸlÄ±k Bilimleri FakÃ¼ltesi HemÅŸirelik BÃ¶lÃ¼mÃ¼ Ã¶ÄŸretim Dr. Ã–ÄŸr. Ãœyesi AyÅŸegÃ¼l KOÃ‡â€™un ..."
False,False,True,3/11/2020,09:09,427 KB,iyte-sem,"HATIRLATMA:6.Kentsel DÃ¶nÃ¼ÅŸÃ¼m UzmanlÄ±ÄŸÄ± Sertifika ProgramÄ±,21 KasÄ±m 2020(CanlÄ±/E-eÄŸitim)","From: ""iyte-sem"" <iyte-sem@iyte.edu.tr> To: ""doktora"" <doktora@iyte.edu.tr>, ""yukseklisans"" <yukseklisans@iyte.edu.tr>, ""lisans"" ..."
False,False,True,2/11/2020,13:56,29 KB,RektÃ¶rlÃ¼k,YaÅŸanan Deprem ile Ä°lgili Destek Duyurusu,"DeÄŸerli Ä°YTE Ailem, Ã–ncelikle sizlerin ve ailelerinizin iyi olmasÄ±nÄ± diliyorum. Siz sevgili Ã¶ÄŸretim Ã¼yelerimiz, idari personelimiz ve sevgili ..."
False,False,True,2/11/2020,13:42,7 MB,erasmuskoordinator,Stajyer AraÅŸtÄ±rmacÄ± Burs ProgramÄ±(STAR),"Kimden: ""Bilimsel AraÅŸtÄ±rma Projeleri KoordinatÃ¶rlÃ¼ÄŸÃ¼ BAP-K"" <bap-k@iyte.edu.tr> Kime: ""akademik"" <akademik@iyte.edu.tr> GÃ¶nderilenler: 2 KasÄ±m ..."
True,False,True,31/10/2020,14:20,44 KB,RektÃ¶rlÃ¼k,EÄŸitime Ara Verme KararÄ±,"Ä°YTE Ailemizin DeÄŸerli Ãœyeleri, Ä°zmirimizi vuran doÄŸal afet dolayÄ±sÄ± ile hepimize tekrar bÃ¼yÃ¼k geÃ§miÅŸler olsun. Depremin yarattÄ±ÄŸÄ± olumsuz etkilerin ..."
False,False,False,30/10/2020,15:58,4 KB,Ä°YTE Mezunlar Ofisi,Mezunlar Deneyimlerini AktarÄ±yor-2 SÃ¶yleÅŸi Ä°ptali,"Sevgili Ã–ÄŸrenciler, Daha Ã¶nce duyurusunu paylaÅŸtÄ±ÄŸÄ±mÄ±z 30 Ekim 2020 (BugÃ¼n) tarihinde yapÄ±lmasÄ± planlanan Mezunlar Deneyimlerini AktarÄ±yor-2 ..."
True,False,True,30/10/2020,13:17,293 KB,IYTESEM Sanayi 4.0 ProgramlarÄ±,"HATIRLATMA:SANAYÄ°4.0 PROJE YÃ–NETÄ°MÄ° SERTÄ°FÄ°KA PROGRAMI,30 KASIM 2020(CanlÄ±/E-eÄŸitim)","Kimden: ""sanayi4.0egitimleri"" <sanayi4.0egitimleri@iyte.edu.tr> Kime: ""doktora"" <doktora@iyte.edu.tr>, ""yukseklisans"" <yukseklisans@iyte.edu.tr>, ..."
False,False,True,30/10/2020,11:58,56 KB,RektÃ¶rlÃ¼k,Ä°YTE'nin UluslararasÄ± BaÅŸarÄ±sÄ±,"DeÄŸerli Ä°YTEâ€™liler, US News World Reportâ€™un 2021 yÄ±lÄ± iÃ§in KÃ¼resel Ã–lÃ§ekte en iyi Ãœniversiteler sÄ±ralamasÄ± yayÄ±mlandÄ±. ( [ ..."
True,False,False,29/10/2020,14:51,4 KB,dusunce,CUMHURÄ°YET BAYRAMIMIZ KUTLU OLSUN!,"Cumhuriyet BayramÄ±mÄ±z kutlu olsun! Cumhuriyet eÅŸitlik, Ã¶zgÃ¼rlÃ¼k, baÄŸÄ±msÄ±zlÄ±k demektir. Cumhuriyet deÄŸerlerini yaÅŸayacaÄŸÄ±mÄ±z ve yaÅŸatacaÄŸÄ±mÄ±z gÃ¼nlerin ..."
False,False,True,29/10/2020,11:04,579 KB,ataturkcudusunce,29 Ekim Cumhuriyet ProgramÄ± Kutlama BayramÄ±,Cumhuriyetimizin 97. kuruluÅŸ yÄ±ldÃ¶nÃ¼mÃ¼nÃ¼ hep birlikte Ã§oÅŸku ile kutlayalÄ±m! AÃ§Ä±lÄ±ÅŸ konuÅŸmasÄ±nÄ± RektÃ¶r Yusuf BARAN'Ä±n yapacaÄŸÄ± ve Ä°zmir Ekonomi ...
True,False,True,28/10/2020,17:07,53 KB,Ä°YTE MimarlÄ±k FakÃ¼ltesi DekanlÄ±ÄŸÄ±,Cumhuriyet BayramÄ± MesajÄ±,"DeÄŸerli Ä°YTE'liler, Gazi Mustafa Kemal ATATÃœRK'Ã¼n bizlere en bÃ¼yÃ¼k emaneti olan Cumhuriyetimizin 97. kuruluÅŸ yÄ±l dÃ¶nÃ¼mÃ¼nde 29 Ekim C umhuriyet ..."
False,False,True,28/10/2020,16:51,417 KB,muhdek,29 Ekim Cumhuriyet BayramÄ±mÄ±z Kutlu Olsun,"DeÄŸerli Ä°YTE'liler, En bÃ¼yÃ¼k bayramÄ±mÄ±z olan 29 Ekim Cumhuriyet BayramÄ±mÄ±zÄ±n 97. yÄ±ldÃ¶nÃ¼mÃ¼nÃ¼ gururla ve kÄ±vanÃ§la kutluyoruz. Cumhuriyetimizin ..."
False,False,True,28/10/2020,16:33,231 KB,RektÃ¶rlÃ¼k,"RektÃ¶r BARAN'Ä±n ""29 Ekim Cumhuriyet BayramÄ±"" MesajÄ±",Ä°zmir YÃ¼ksek Teknoloji EnstitÃ¼sÃ¼ Ä°zmir Institute of Technology RektÃ¶rlÃ¼k Ã–zel Kalem President Office Tel : 0232 750 6001 - 6002 Phone : +9 0232 750 ...
False,False,True,28/10/2020,15:13,240 KB,Teknoparkizmir,BÄ°GG SÄ°NERJÄ° Ä°LE POTANSÄ°YELÄ°NÄ° KEÅFET!,"BÄ°GG SÄ°NERJÄ° Ä°LE POTANSÄ°YELÄ°NÄ° KEÅFET! DeÄŸerli GiriÅŸimci AdayÄ±, BÄ°GG SÄ°NERJÄ°, Dokuz EylÃ¼l Teknoloji GeliÅŸtirme A.Å. (DEPARK), Ä°zmir Teknoloji ..."
False,False,True,28/10/2020,14:06,205 KB,Teknoparkizmir,Cumhuriyet BayramÄ±mÄ±z Kutlu Olsun...,"-- SaygÄ±larÄ±mÄ±zla, TEKNOPARK Ä°ZMÄ°R"
True,False,True,28/10/2020,12:35,2 MB,Ä°YTE Mezunlar Ofisi,Ä°YTE MezunlarÄ± Deneyimlerini AktarÄ±yor-2 SÃ¶yleÅŸisi,"Sevgili Ã–ÄŸrenciler, Ä°YTE Mezunlar Ofisi olarak Ä°YTE MezunlarÄ± ve Ä°YTE Ã¶ÄŸrencileri arasÄ±nda etkileÅŸimi gÃ¼Ã§lendirmek ve mezunlarÄ±mÄ±zÄ±n kariyer ..."
False,False,True,27/10/2020,22:24,159 KB,Bilgisayar MÃ¼hendisliÄŸi BÃ¶lÃ¼m SekreterliÄŸi,Fwd: iÅŸ ilanÄ± hk.,"BÃ¶lÃ¼m Ã¶ÄŸrencilerimizin dikkatine!! Ä°yi Ã§alÄ±ÅŸmalar, BÃ¶lÃ¼m SekreterliÄŸi Ä°zmir YÃ¼ksek Teknoloji EnstitÃ¼sÃ¼ Bilgisayar MÃ¼hendisliÄŸi BÃ¶lÃ¼mÃ¼ 35430 Urla - ..."
False,False,False,27/10/2020,16:08,19 KB,Ä°YTE KÃ¼tÃ¼phane / IZTECH Library,"28-29 Ekim 2020 KÃ¼tÃ¼phane Ã‡alÄ±ÅŸma Saatleri/ Library Working Hours on October 28-29, 2020","DeÄŸerli KullanÄ±cÄ±larÄ±mÄ±z, KÃ¼tÃ¼phanemiz 28 Ekim ve 29 Ekim 2020 tarihlerinde Cumhuriyet BayramÄ± nedeniyle kapalÄ± olacaktÄ±r. SaygÄ±larÄ±mÄ±zla, KÃ¼tÃ¼phane ..."
False,False,True,27/10/2020,11:23,1000 KB,kariyer,Proje Stajyeri Duyurusu [Kimya ve Kimya MÃ¼hendisliÄŸi BÃ¶lÃ¼mleri 3. & 4. sÄ±nÄ±f Ã¶ÄŸrencilerinin dikkatine],"DeÄŸerli Ä°YTE'liler, AÅŸaÄŸÄ±daki linkte yer alan ""Proje Stajyeri"" ilanÄ±na Ä°YTE KARDES aracÄ±lÄ±ÄŸÄ± ile baÅŸvurabilirsiniz. BaÅŸarÄ±lÄ± ve saÄŸlÄ±klÄ± gÃ¼nler ..."
False,False,True,27/10/2020,11:18,173 KB,halklailiskiler,(HATIRLATMA) 29 Ekim Cumhuriyet BayramÄ± KutlamasÄ±,"DeÄŸerli Ä°YTE'liler, Milletimizin yÄ±lmaz mÃ¼cadelesinin bir eseri olan ve bu yÄ±l 97. yÄ±l dÃ¶nÃ¼mÃ¼nÃ¼ yaÅŸadÄ±ÄŸÄ±mÄ±z Cumhuriyet BayramÄ±mÄ±zÄ±, 27 Ekim 2020 SalÄ± ..."
True,False,True,27/10/2020,10:40,2 MB,SAGLÄ°KLÄ° YASAM,Ä°YTE SaÄŸlÄ±klÄ± YaÅŸam ve Crossfit TopluluÄŸu 2020-2021 Ãœye AlÄ±mÄ±,"Sevgili Ä°YTE'liler, Ä°YTE SaÄŸlÄ±klÄ± YaÅŸam ve Crossfit TopluluÄŸu olarak 2020-2021 dÃ¶nemi Ã§alÄ±ÅŸmalarÄ±mÄ±za baÅŸlamÄ±ÅŸ bulunmaktayÄ±z. ''13 Ekim 2017 '' ..."
False,False,True,27/10/2020,08:57,433 KB,iyte-sem,"6.Kentsel DÃ¶nÃ¼ÅŸÃ¼m UzmanlÄ±ÄŸÄ± Sertifika ProgramÄ±,21 KasÄ±m 2020(CanlÄ±/E-eÄŸitim)",Programa kayÄ±t yapan ilk 5 Ä°YTE Ã¶ÄŸrencisine ve mezunlarÄ±na eÄŸitim Ã¼cretinin %50'si oranÄ±nda indirim uygulanacaktÄ±r. AyrÄ±ntÄ±lÄ± Bilgi: [ ...
False,False,True,26/10/2020,22:15,578 KB,ataturkcudusunce,29 Ekim Cumhuriyet BayramÄ± EtkinliÄŸi,29 Ekim Cumhuriyet BayramÄ±mÄ±zÄ± hep birlikte kutlayalÄ±m. Ä°YTE ADT olarak hazÄ±rladÄ±ÄŸÄ±mÄ±z kutlama programÄ±na hepiniz davetlisiniz. EtkinliÄŸimiz 29 Ekim ...
False,False,True,26/10/2020,17:01,4 MB,halkdanslari,HDT Yeni DansÃ§Ä±larÄ±nÄ± ArÄ±yor!,"Ä°YTE HALK DANSLARI TOPLULUÄU YENÄ° DANSÃ‡ILARINI ARIYOR! Pandemi sÃ¼recinde bir araya gelemesek de, sen de ailemizin bir parÃ§asÄ± olmak iÃ§in ÅŸimdiden ..."
False,False,False,26/10/2020,14:29,7 KB,genelsekreterlik,28 Ekim Ã‡arÅŸamba GÃ¼nÃ¼ Tam GÃ¼n Tatil Duyurusu,"DeÄŸerli Ä°YTE'liler, 28 Ekim 2020 Ã‡arÅŸamba gÃ¼nÃ¼ Cumhuriyet BayramÄ± arefe gÃ¼nÃ¼ olmasÄ± nedeniyle saat 13.00'e kadar olan Ã§alÄ±ÅŸma sÃ¼resi iÃ§in RektÃ¶rlÃ¼k ..."
False,False,True,26/10/2020,13:17,163 KB,halklailiskiler,29 Ekim Cumhuriyet BayramÄ± ProgramÄ±,"DeÄŸerli Ä°YTE'liler, Milletimizin yÄ±lmaz mÃ¼cadelesinin bir eseri olan ve bu yÄ±l 97. yÄ±l dÃ¶nÃ¼mÃ¼nÃ¼ yaÅŸadÄ±ÄŸÄ±mÄ±z Cumhuriyet BayramÄ±mÄ±zÄ±, 27 Ekim 2020 SalÄ± ..."
False,False,False,26/10/2020,12:27,4 KB,ataturkcudusunce,ADT TanÄ±ÅŸma ToplantÄ±sÄ± HatÄ±rlatma,12.30'da baÅŸlaycaÄŸÄ±mÄ±z tanÄ±ÅŸma toplantÄ±mÄ±za bu linkten katÄ±labilirsiniz: [ ...
False,False,True,25/10/2020,20:53,207 KB,ataturkcudusunce,TanÄ±ÅŸma ToplantÄ±sÄ±,26.10.2020 tarihinde (YarÄ±n) saat 12.30 tanÄ±ÅŸma toplantÄ±mÄ±zÄ± baÅŸlatacaÄŸÄ±z. Ä°sterseniz afiÅŸteki kod ile isterseniz de aÅŸaÄŸÄ±daki link ile toplantÄ±mÄ±za ...
False,False,True,24/10/2020,18:12,84 KB,kariyer,Part Time Ä°ÅŸ Ä°lanÄ± Hk. i[Bilgisayar MÃ¼hendisliÄŸi 4. sÄ±nÄ±f ve lisansÃ¼stÃ¼ Ã¶ÄŸrencilerinin dikkatine.],"DeÄŸerli Adaylar, Ekteki ilana ÅŸartlarÄ± saÄŸlamanÄ±z durumunda Ä°YTE KARDES aracÄ±lÄ±ÄŸÄ± ile baÅŸvurabilirsiniz. BaÅŸarÄ±lÄ± ve saÄŸlÄ±klÄ± gÃ¼nler dileriz. GÃ¼rhan ..."
False,False,True,24/10/2020,16:55,465 KB,halklailiskiler,2020-2021 Akademik YÄ±l AÃ§Ä±lÄ±ÅŸ TÃ¶reni Online KatÄ±lÄ±m Duyurusu,"DeÄŸerli Ä°YTE'liler 26 Ekim 2020 Pazartesi, Saat 10.00'da sÄ±nÄ±rlÄ± katÄ±lÄ±mla ve online olarak gerÃ§ekleÅŸecek olan 2020-2021 Akademik YÄ±l AÃ§Ä±lÄ±ÅŸ ..."
False,False,True,24/10/2020,16:55,473 KB,yapi,"""Mimar Kimdir? Ne Yapar?"" Ä°YTE YapÄ± TopluluÄŸu SÃ¶yleÅŸi",Ä°YTE YapÄ± ToplulugÌ†u hÄ±zÄ±nÄ± kesmeden etkinliklerine devam ediyor! 26 Ekim Pazartesi saat 21.00 da â€œMimar Kimdir ve Ne Yapar?â€ Konulu soÌˆylesÌ§imizle ...
False,False,True,24/10/2020,15:55,135 KB,iytembt,Ä°YTE Malzeme Bilimi TopluluÄŸu,"Sevgili Ä°YTE'liler, Ä°YTE Malzeme Bilimi TopluluÄŸu olarak resmi faaliyetlerimize baÅŸlamÄ±ÅŸ bulunmaktayÄ±z. Malzeme Bilimi TopluluÄŸu, bu disiplini daha ..."
False,False,True,23/10/2020,19:13,4 MB,kariyer,Yetenek KapÄ±sÄ±-TÃ¼rkiye Siber GÃ¼venlik KÃ¼melenmesi Siber GÃ¼venlik KampÄ± Hk.,"DeÄŸerli Ä°YTE'liler, TÃ¼rkiye Siber GÃ¼venlik KÃ¼melenmesi @siberkume tarafÄ±ndan, Threat Hunting alanÄ±nda kendini geliÅŸtirmek isteyenler iÃ§in 02-06 KasÄ±m ..."
False,False,True,23/10/2020,19:11,408 KB,kariyer,Yetenek KapÄ±sÄ±ndaki EczacÄ±baÅŸÄ± EtkinliÄŸi Hk. [MÃ¼hendislik FakÃ¼ltesi Ã¶ÄŸrencilerinin dikkatine],DeÄŸerli Ä°YTE'liler EczacÄ±baÅŸÄ± TÃ¼ketim ÃœrÃ¼nleri â€œYetenek KapÄ±sÄ±â€ etkinlikler modÃ¼lÃ¼nde â€œ EczacÄ±baÅŸÄ± TÃ¼ketim ÃœrÃ¼nleri Online KampÃ¼s EtkinliÄŸi STAY ON ...
False,False,True,23/10/2020,16:16,713 KB,Ä°YTE Mezunlar Ofisi,Ä°YTE MezunlarÄ± Deneyimlerini AktarÄ±yor-1 SÃ¶yleÅŸileri (HatÄ±rlatma),"Sevgili Ã–ÄŸrenciler, Ä°YTE Mezunlar Ofisinin bÃ¶lÃ¼mlerimiz iÅŸ birliÄŸi ile dÃ¼zenleyeceÄŸi ""Ä°YTE MezunlarÄ± Deneyimlerini AktarÄ±yorâ€ toplantÄ± serisinin ilk ..."
False,False,True,23/10/2020,11:06,297 KB,yapi,SÌ§ehir PlancÄ±sÄ± Kimdir ve Ne Yapar?â€  ETKÄ°NLÄ°K HATIRLATMASI,Ä°YTE YapÄ± ToplulugÌ†u hÄ±zÄ±nÄ± kesmeden etkinliklerine devam ediyor! 23 Ekim Cuma saat 21.00 da â€œSÌ§ehir PlancÄ±sÄ± Kimdir ve Ne Yapar?â€ Konulu ...
False,False,True,23/10/2020,11:02,2 MB,erasmuskoordinator,BirleÅŸik KrallÄ±k Ãœniversiteleri Sanal FuarÄ±,"Kimden: ""Yalcin, Semra (Turkey)"" <Semra.Yalcin@britishcouncil.org.tr> GÃ¶nderilenler: 21 Ekim Ã‡arÅŸamba 2020 0:46:47 Konu: British Council Study UK ..."
False,False,False,22/10/2020,21:34,2 KB,ÅEVVAL DOÄA KUL,EV Ä°LANI,"2.dÃ¶nem baÅŸÄ±na kadar MaviÅŸ'e 3dk yÃ¼rÃ¼me mesafesinde olan, Cumbul Evleri'ndeki 3+1 evim iÃ§in ev arkadaÅŸÄ± arÄ±yorum. DetaylÄ± bilgi iÃ§in ulaÅŸabilirsiniz. ..."
False,False,True,22/10/2020,17:58,264 KB,ataturkcudusunce,Ãœye AlÄ±mÄ±,Ä°YTE ATATÃœRKÃ‡Ãœ DÃœÅÃœNCE TOPLULUÄUNA Ã¼ye olmak isteyenler bu linke ( [ https://forms.gle/Wf59JLVtYxfxFMx79 | https://forms.gle/Wf59JLVtYxfxFMx79 ] ) ...
False,False,True,22/10/2020,15:55,396 KB,iyte-sem,"EÄÄ°TÄ°CÄ° EÄÄ°TÄ°MÄ°,16 KASIM 2020(CanlÄ±/E-eÄŸitim)",Programa kayÄ±t yapan ilk 5 Ä°YTE Ã¶ÄŸrencisine ve mezunlarÄ±na eÄŸitim Ã¼cretinin %50'si oranÄ±nda indirim uygulanacaktÄ±r. AyrÄ±ntÄ±lÄ± Bilgi: [ ...
False,False,True,22/10/2020,15:48,1 MB,halklailiskiler,BaÅŸakÅŸehir Living Lab Ä°novasyon YarÄ±ÅŸmasÄ±,"DeÄŸerli Ä°YTE'liler, BaÅŸakÅŸehir Belediyesi ve BaÅŸakÅŸehir Living Lab iÅŸ birliÄŸi ile bu yÄ±l 7.'si dÃ¼zenlenen ""BaÅŸakÅŸehir Living Lab Ä°novasyon YarÄ±ÅŸmasÄ±"" ..."
False,False,False,22/10/2020,15:27,17 KB,Teknoparkizmir,Teknopark Ä°zmirli GiriÅŸimciler AnlatÄ±yor - 12,<https://mcusercontent.com/d8d3b7a5b1dcdcccf96daadc4/images/b9f3bb4d-9a6f-44cf-9ff7-9092189b6241.jpg> ...
False,False,False,22/10/2020,11:07,23 KB,Ä°YTE KÃ¼tÃ¼phane / IZTECH Library,AÃ§Ä±k Bilim Ekosistemi Paneli baÅŸladÄ±,"DeÄŸerli Ä°YTE'liler, ""UluslararasÄ± AÃ§Ä±k EriÅŸim HaftasÄ±"" kapsamÄ±nda gerÃ§ekleÅŸtirilen AÃ§Ä±k Bilim Ekosistemi Paneli baÅŸlamÄ±ÅŸtÄ±r. * AÃ§Ä±k Bilim Ekosistemi ..."
False,False,False,21/10/2020,19:09,32 KB,erasmuskoordinator,EducationUSA Ä°zmir (GRE),Amerika'da lisansÃ¼stÃ¼ eÄŸitim almak isteyen Ã¶ÄŸrencilerimizin ve GRE sÄ±navÄ± hakkÄ±nda bilgi almak isteyen herkesin dikkatine; EducationUSA'dan GÃ¼ldenur ...
False,False,False,21/10/2020,16:11,20 KB,erasmuskoordinator,TEV Yurt DÄ±ÅŸÄ± YÃ¼ksek Lisans ve Doktora Burs Duyuru,"Kimden: ""TÃ¼rk EÄŸitim VakfÄ±"" <iletisim@iletisim.tev.org.tr> Kime: ""sebnemharsa"" <sebnemharsa@iyte.edu.tr> GÃ¶nderilenler: 21 Ekim Ã‡arÅŸamba 2020 ..."
False,False,True,21/10/2020,14:42,708 KB,Ä°YTE Mezunlar Ofisi,Ä°YTE MezunlarÄ± Deneyimlerini AktarÄ±yor-1,"Sevgili Ã–ÄŸrenciler, Ä°YTE Mezunlar Ofisi olarak Ä°YTE MezunlarÄ± ve Ä°YTE Ã¶ÄŸrencileri arasÄ±nda etkileÅŸimi gÃ¼Ã§lendirmek ve mezunlarÄ±mÄ±zÄ±n kariyer ..."
False,False,True,21/10/2020,14:36,739 KB,iyte-sem,"HATIRLATMA:ÃœST DÃœZEY FÄ°NANS YÃ–NETÄ°CÄ°(CFO) EÄÄ°TÄ°MÄ°,27 EKÄ°M 2020(CanlÄ±/E-eÄŸitim)",Programa kayÄ±t yapan ilk 5 Ä°YTE Ã¶ÄŸrencisine ve mezunlarÄ±na eÄŸitim Ã¼cretinin %50'si oranÄ±nda indirim uygulanacaktÄ±r. AyrÄ±ntÄ±lÄ± Bilgi: [ ...
False,False,False,21/10/2020,13:46,14 KB,Ä°YTE KÃ¼tÃ¼phane / IZTECH Library,KÃ¼tÃ¼phane Ã§alÄ±ÅŸma saatleri/Library working hours,"DeÄŸerli KullanÄ±cÄ±larÄ±mÄ±z, KÃ¼tÃ¼phane Ã§alÄ±ÅŸma saatleri 21.10.2020 (bugÃ¼n) tarihinden itibaren gÃ¼ncellenmiÅŸtir. AyrÄ±ca kÃ¼tÃ¼phane iÃ§erisinde bulunan ..."
False,False,False,21/10/2020,09:53,21 KB,skskultur,Nota-Solfej EÄŸitimi HatÄ±rlatma,"DeÄŸerli Ä°YTE'liler, Daire BaÅŸkanlÄ±ÄŸÄ±mÄ±z bÃ¼nyesinde hizmet vermekte olan BurÃ§in Uyar, 21 Ekim 2020 (Bu gÃ¼n) tarihinden baÅŸlayarak her hafta Ã§arÅŸamba ..."
False,False,True,21/10/2020,09:19,296 KB,IYTESEM Sanayi 4.0 ProgramlarÄ±,"SANAYÄ°4.0 PROJE YÃ–NETÄ°MÄ° SERTÄ°FÄ°KA PROGRAMI,30 KASIM 2020(CanlÄ±/E-eÄŸitim)",Programa kayÄ±t yapan ilk 5 Ä°YTE Ã¶ÄŸrencisine ve mezunlarÄ±na eÄŸitim Ã¼cretinin %50'si oranÄ±nda indirim uygulanacaktÄ±r. AyrÄ±ntÄ±lÄ± Bilgi: [ ...
False,False,True,21/10/2020,00:52,390 KB,Bilgisayar MÃ¼hendisliÄŸi BÃ¶lÃ¼m SekreterliÄŸi,"Fwd: NORM Holding DigiConnect Ä°lan [Bilgisayar MÃ¼hendisliÄŸi, Makina MÃ¼hendisliÄŸi, Malzeme Bilimi ve MÃ¼hendisliÄŸi 3. ve 4. sÄ±nÄ±f ve lisansÃ¼stÃ¼ Ã¶ÄŸrencilerinin dikkatine]","3. sÄ±nÄ±f ve 4. sÄ±nÄ±f Ã¶ÄŸrencilerimizin Dikkatine!!! Ä°yi Ã§alÄ±ÅŸmalar, BÃ¶lÃ¼m SekreterliÄŸi Ä°zmir YÃ¼ksek Teknoloji EnstitÃ¼sÃ¼ Bilgisayar MÃ¼hendisliÄŸi BÃ¶lÃ¼mÃ¼ ..."
False,False,True,20/10/2020,17:39,13 MB,kariyer,CBÄ°KO Yetenek KapÄ±sÄ± ÃœyeliÄŸi Hk.,"DeÄŸerli Ä°YTE'liler, Ekte yer alan T.C Ä°nsan KaynaklarÄ± Ofisi Yetenek KapÄ±sÄ± Ã¼yelik sistemi ile alakalÄ± olarak bilgilendirme dokÃ¼manÄ± ekte yer ..."
False,False,True,20/10/2020,17:19,12 MB,kariyer,Re: DAAD TÃ¼rkiye Etkinlik Takvimi,"DeÄŸerli Ä°YTE'liler, DAAD TÃ¼rkiye etkinlik takvimi ekte yer almaktadÄ±r. Ä°lgilenenler baÅŸvuru yapabilirler. BaÅŸarÄ±lÄ± ve saÄŸlÄ±klÄ± gÃ¼nler dileriz. GÃ¼rhan ..."
False,False,False,20/10/2020,15:17,73 KB,ieee,IEEE Ä°YTE Ãœye AlÄ±mlarÄ± BaÅŸladÄ±!,"Merhaba DeÄŸerli Ä°YTEâ€™liler, The Institute of Electrical and Electronics Engineers ya da kÄ±saca IEEE elektrik, elektronik, bilgisayar, otomasyon, ..."
False,False,True,20/10/2020,12:48,198 KB,Ä°YTE Optik ve Fotonik TopluluÄŸu,Late Light Talks E-KonferansÄ± (HatÄ±rlatma),"SaygÄ±deÄŸer Ä°YTEâ€™liler, Ä°YTE Optik ve Fotonik TopluluÄŸu olarak bugÃ¼n saat 21.00â€™da Bilkent Ãœniversitesi, Elektrik ve Elektronik MÃ¼hendisliÄŸi BÃ¶lÃ¼mÃ¼ ve ..."
False,False,True,19/10/2020,18:21,378 KB,kariyer,"NORM Holding DigiConnect Ä°lan [Bilgisayar MÃ¼hendisliÄŸi, Makina MÃ¼hendisliÄŸi, Malzeme Bilimi ve MÃ¼hendisliÄŸi 3. ve 4. sÄ±nÄ±f ve lisansÃ¼stÃ¼ Ã¶ÄŸrencilerinin dikkatine]","DeÄŸerli Ä°YTE'liler, NORM Holding eÄŸitim/staj programÄ± ile alakalÄ± gÃ¶rsel ekte, baÅŸvuru linki de aÅŸaÄŸÄ±da yer almaktadÄ±r. Ä°lgili sÄ±nÄ±f ve bÃ¶lÃ¼mde ..."
False,False,True,19/10/2020,18:04,500 KB,kariyer,TURKCELL Program hk.,"DeÄŸerli Ä°YTE'liler, AÅŸaÄŸÄ±da yer alan staj ilanÄ±na baÅŸvuru yapabilirsiniz. Firma tarafÄ±ndan verilen bilgi doÄŸrultusunda tÃ¼m bÃ¶lÃ¼m Ã¶ÄŸrencilerinin ..."
False,False,False,19/10/2020,18:00,14 KB,kariyer,RÃ¶portaj Ã‡alÄ±ÅŸmasÄ± Hk [Elektronik ve HaberleÅŸme MÃ¼hendisliÄŸi 3. ve 4. sÄ±nÄ±f Ã¶ÄŸrencilerinin dikkatine],"DeÄŸerli Ä°YTE'liler, 2020-2021 akademik yÄ±lÄ±nda birÃ§ok Ã¼niversitede verilecek olan â€œKariyer Planlamaâ€ dersi iÃ§eriÄŸinde kullanÄ±lmak Ã¼zere ..."
False,False,True,19/10/2020,17:57,879 KB,kariyer,Fwd: Yetenek KapÄ±sÄ±ndaki Siber GÃ¼venlik Hackathonu Duyurusu Hk.,"DeÄŸerli Ä°YTE'liler, CumhurbaÅŸkanlÄ±ÄŸÄ± Ä°nsan KaynaklarÄ± Ofisi etkinlik duyuru afiÅŸi, ekte yer almaktadÄ±r. AÅŸaÄŸÄ±da mail duyuru metninde baÅŸvuru ..."
False,False,False,19/10/2020,15:09,6 KB,ULUÃ‡ MUSTAFA ERTEKÄ°N,Ä°novasyon Projesi Midas Komisyonsuz Amerikan ve TÃ¼rk piyasalarÄ±nda hisse alÄ±m satÄ±mÄ± platformu,"Merhaba, Ä°zmir'den Ã§Ä±kan bir teknoloji firmasÄ± olan Kognivia tarafÄ±ndan geliÅŸtirilen Midas hisse alÄ±m satÄ±m platformu, TÃ¼rk (BIST) ve Amerikan ..."
False,False,False,19/10/2020,14:56,46 KB,Ä°YTE KÃ¼tÃ¼phane / IZTECH Library,Ebook Central Online EÄŸitimi / Ebook Central Online Training,"DeÄŸerli Ä°YTE'liler, Aboneliklerimiz arasÄ±nda bulunan Ebook Central online eÄŸitimi gerÃ§ekleÅŸtirilecektir. E ÄŸitimde Ebook Central veritabanÄ±nda ..."
False,False,False,19/10/2020,13:42,45 KB,Ä°YTE KÃ¼tÃ¼phane / IZTECH Library,ProQuest Dissertations and Theses Online EÄŸitimi / ProQuest Dissertations and Theses Online Training,"DeÄŸerli Ä°YTE'liler, TÃœBÄ°TAK - EKUAL kapsamÄ±nda eriÅŸimimiz olan ProQuest Dissertations and Theses Global veritabanÄ± online eÄŸitimi ..."
True,False,False,19/10/2020,11:48,10 KB,genelkultur,TÃ¼rk Dili ve Tarih VideolarÄ± HakkÄ±nda,"Sevgili Ã–ÄŸrenciler, TÃ¼rk Dili ve Tarih derslerinin videolarÄ±nÄ± bazÄ± Ã¶ÄŸrencilerimiz teknik nedenlerden dolayÄ± izleyememektedir. Problemin Ã§Ã¶zÃ¼lmesi ..."
False,False,False,19/10/2020,09:51,28 KB,sks,Yemek Hizmeti-HatÄ±rlatma,"DeÄŸerli Ä°YTE' liler COVÄ°D-19 salgÄ±nÄ± nedeniyle 01.04.2020 tarihinde ara verilen yemek hizmetimiz, 19 Ekim 2020 (BugÃ¼n) tarihinde Merkezi Kafeterya' ..."
False,False,True,17/10/2020,18:45,279 KB,yapi,"""Åehir PlancÄ±sÄ± Kimdir?, Ne Ä°ÅŸ Yapar?"" SÃ–YLEÅÄ° DUYURUSU",Ä°YTE YapÄ± ToplulugÌ†u hÄ±zÄ±nÄ± kesmeden etkinliklerine devam ediyor! 23 Ekim Cuma saat 21.00 da â€œSÌ§ehir PlancÄ±sÄ± Kimdir ve Ne Yapar?â€ Konulu ...
False,False,False,16/10/2020,20:47,3 KB,cagdasyasam,SeÃ§im Duyurusu,"Ä°yi GÃ¼nler, Ä°YTE Ã‡aÄŸdaÅŸ YaÅŸamÄ± Destekleme TopluluÄŸu olarak, 2020-2021 EÄŸitim-Ã–ÄŸretim dÃ¶nemi iÃ§in sandÄ±k baÅŸÄ±na gidiyoruz. YÃ¶netim Kurulu, 1'i baÅŸkan ..."
False,False,False,16/10/2020,20:41,2 KB,cagdasyasam,Ãœye AlÄ±mÄ±,"Merhaba, Ä°YTE Ã‡aÄŸdaÅŸ YaÅŸamÄ± Destekleme TopluluÄŸuna katÄ±lmak isteyenler, Ad-Soyad-BÃ¶lÃ¼m-SÄ±nÄ±f-Telefon numaralarÄ± bilgilerini cagdasyasam@iyte.edu.tr ..."
False,False,False,16/10/2020,20:33,14 KB,kariyer,RÃ¶portaj Ã‡alÄ±ÅŸmasÄ± Hk [Elektronik ve HaberleÅŸme MÃ¼hendisliÄŸi 3. ve 4. sÄ±nÄ±f Ã¶ÄŸrencilerinin dikkatine],"DeÄŸerli Ä°YTE'liler, 2020-2021 akademik yÄ±lÄ±nda birÃ§ok Ã¼niversitede verilecek olan â€œKariyer Planlamaâ€ dersi iÃ§eriÄŸinde kullanÄ±lmak Ã¼zere ..."
False,False,True,16/10/2020,13:32,56 KB,Ä°YTE KÃ¼tÃ¼phane / IZTECH Library,Cambridge University Press Deneme EriÅŸimi / Trial Access to Cambridge University Press,"DeÄŸerli Ä°YTEâ€™liler, MÃ¼hendislik, Fizik, Matematik, sosyal bilimler, tÄ±p ve psikoloji gibi farklÄ± alanlarda yayÄ±n yapan ; 430â€™dan fazla hakemli ..."
True,False,False,16/10/2020,13:18,5 KB,genelkultur,TÃ¼rk Dili I (2. Åube) Dersi,"Sevgili Ã–ÄŸrenciler, LMS ( [ http://lms.iyte.edu.tr/ | lms.iyte.edu.tr ] )'de oluÅŸan problem yÃ¼zÃ¼nden giriÅŸ yapÄ±lamamaktadÄ±r. Sistemin aÃ§Ä±lmamasÄ± ..."
True,False,True,13/10/2020,14:02,493 KB,oidb,Ders Ekle/BÄ±rak HaftasÄ± Kontenjan Bilgilendirme,"DeÄŸerli Ã–ÄŸrencilerimiz, 2020-2021 GÃ¼z YarÄ±yÄ±lÄ±nda Genel KÃ¼ltÃ¼r BÃ¶lÃ¼m BaÅŸkanlÄ±ÄŸÄ± ve YabancÄ± Diller YÃ¼ksekokulu bÃ¼nyesinde aÃ§Ä±lan zorunlu ve seÃ§meli ..."
False,False,False,13/10/2020,13:58,16 KB,skspsikolojikdanismanlik,HatÄ±rlatma - Seminer Duyurusu,"DeÄŸerli Ä°YTE'liler, Microsoft Teams platformunda, ""BaÄŸÄ±mlÄ±lÄ±k mÄ±, Ã–zgÃ¼rlÃ¼k mÃ¼?"" baÅŸlÄ±klÄ± bir sunum gerÃ§ekleÅŸtirilecektir. AÅŸaÄŸÄ±da belirtilen tarihte ..."
False,False,True,13/10/2020,13:57,3 MB,yapi,Ä°YTE YAPI TOPLULUÄU ÃœYE KAYITLARI AÃ‡ILDI!,"ğŸ‰ğŸŠÃ‡EKÄ°LÄ°ÅÄ°MÄ°Z VAR! ğŸ‰ğŸŠ Ä°YTE YapÄ± TopluluÄŸu'na Ã¼ye kayÄ±tlarÄ±mÄ±z baÅŸladÄ±. CÌ§ogÌ†unlugÌ†u SÌ§BP, MimarlÄ±k ve IÌ‡nsÌ§aat MuÌˆhendisligÌ†i oÌˆgÌ†rencilerinden ..."
True,True,False,13/10/2020,12:52,33 KB,Ä°YTE KÃ¼tÃ¼phane / IZTECH Library,EÄŸitim Semineri - Rosetta StoneÂ® Library Solution ile Kendi Kendinize Dil Ã–ÄŸrenin! / Online Training - Learn Languages by Yourself with Rosetta StoneÂ® Library Solution!,DeÄŸerli Ä°YTE'liler; Aboneliklerimiz arasÄ±nda bulunan Online dil eÄŸitim aracÄ± Rosetta Stone Library Solution eÄŸitim semineri gerÃ§ekleÅŸtirilecektir. ...
False,False,True,12/10/2020,23:11,492 KB,kariyer,Etkinlik Duyurusu Hk. [Fizik BÃ¶lÃ¼mÃ¼ Ã¶ÄŸrencilerinin dikkatine.],"DeÄŸerli Ä°YTE'liler, Ä°YTE Mezunlar DerneÄŸi canlÄ± yayÄ±n etkinliÄŸi duyuru bilgisi aÅŸaÄŸÄ±da yer almaktadÄ±r. BaÅŸarÄ±lÄ± ve saÄŸlÄ±klÄ± gÃ¼nler dileriz. IÌ‡sÌ§ ..."
False,False,False,12/10/2020,23:09,61 KB,kariyer,Ä°YTE KARDES Faaliyetleri hk.,"DeÄŸerli Ä°YTEâ€™liler, 2020-2021 Akademik yÄ±lÄ±nÄ±n sizlere baÅŸarÄ± ancak en Ã¶ncesinde saÄŸlÄ±k getirmesini temenni ederim. Ä°YTE Kariyer Destek Birimi ..."
False,False,False,12/10/2020,16:11,6 KB,muhdek,AÃ§Ä±lan Dersler Teams kodlarÄ±,"Sevgili Ã–ÄŸrencilerimiz, FakÃ¼ltemiz bÃ¶lÃ¼mleri tarafÄ±ndan 2020-2021 EÄŸitim-Ã–ÄŸretim YÄ±lÄ± GÃ¼z YarÄ±yÄ±lÄ±nda aÃ§Ä±lan derslere ait Teams kodlarÄ± web ..."
False,False,False,12/10/2020,15:57,16 KB,Ä°YTE Bilgi Ä°ÅŸlem Daire BaÅŸkanlÄ±ÄŸÄ±,Office 365 HesaplarÄ± HakkÄ±nda Bilgilendirme,DeÄŸerli Ã–ÄŸrencilerimiz; Uzaktan EÄŸitim sÃ¼recinde kullanÄ±lan Microsoft Teamsâ€™ e giriÅŸ yapmak iÃ§in Office 365 hesaplarÄ±nÄ±zÄ± kullanmanÄ±z gerekmektedir. ...
False,False,False,12/10/2020,13:28,36 KB,Ä°YTE KÃ¼tÃ¼phane / IZTECH Library,E-BÃ¼ltenimizin â€œEkim 2020: Sizinleyizâ€ SayÄ±sÄ± YayÄ±nda / â€œOctober 2020: We are With Youâ€ Issue of Our E-Bulletin Has Been Published,"DeÄŸerli Ä°YTE'liler, 2009 yÄ±lÄ±ndan bu yana her eÄŸitim - Ã¶ÄŸretim dÃ¶neminin baÅŸÄ±nda hazÄ±rladÄ±ÄŸÄ±mÄ±z e-bÃ¼ltenimizin â€œEkim 2020: Sizinleyizâ€ sayÄ±sÄ± ..."
True,False,False,12/10/2020,13:05,4 KB,genelkultur,SeÃ§meli Dersler Teams KodlarÄ±,"Sevgili Ã–ÄŸrencilerimiz, Genel KÃ¼ltÃ¼r Dersleri BÃ¶lÃ¼mÃ¼ tarafÄ±ndan aÃ§Ä±lan teknik olmayan seÃ§meli derslerin Teams kodlarÄ± web sayfamÄ±zda ilan edilmiÅŸtir. ..."
False,False,False,12/10/2020,10:37,4 KB,Uzaktan EÄŸitim Uygulama ve AraÅŸtÄ±rma Merkezi (UZEM),MS Teams bilgilendirme,"Degerli Ã¶grencilerimiz, MS Teams uygulamasÄ±na giriÅŸ yaparken [ mailto:adsoyad@std.iyte.edu.tr | ""adsoyad@std.iyte.edu.tr"" ] IYTE e-posta hesabiniz ..."
False,False,False,11/10/2020,23:57,3 KB,kaankuleci,Re: 1+1 KÄ°RALIK EV,Kira ne kadar acaba 11 Eki 2020 23:33 tarihinde DÄ°LRUBA TÄ°RELÄ° <dilrubatireli@std.iyte.edu.tr> yazdÄ±: GÃ¼lbahÃ§e merkezde 1+1 evimi devredebileceÄŸim ...
False,False,False,11/10/2020,23:33,3 KB,DÄ°LRUBA TÄ°RELÄ°,1+1 KÄ°RALIK EV,GÃ¼lbahÃ§e merkezde 1+1 evimi devredebileceÄŸim birini arÄ±yorum.Ä°lgilenenler iletiÅŸime geÃ§ebilir.
False,False,False,11/10/2020,18:48,3 KB,MEHMET NÄ°YAZÄ° KAYI,GÃ¼z DÃ¶nemi KiralÄ±k Ev,"Merhaba, gÃ¼z dÃ¶nemi iÃ§in kiralÄ±k ev arÄ±yorum. Ev arkadaÅŸÄ± arayanlar iletiÅŸime geÃ§ebilir."
False,False,False,11/10/2020,14:07,2 KB,EREN HAVUZ,Re: gÃ¼z dÃ¶nemi iÃ§in kiralÄ±k ev,"-- Orijinal Mesaj -- Kimden: BERÃ‡EM AYHAN <bercemayhan@std.iyte.edu.tr> Kime: lisans@std.iyte.edu.tr GÃ¶nderilenler: Sat, 10 Oct 2020 12:48:31 +0300 ..."
True,True,False,11/10/2020,09:54,16 KB,Kite Team,Getting Started with Kite,"Welcome to Kite, your AI-powered programming copilot! Kite integrates with your favorite editor to bring all the programming knowledge on the web ..."
